역번호,역사명,노선번호,노선명,영문역사명,한자역사명,환승역구분,환승노선번호,환승노선명,역위도,역경도,운영기관명,역사도로명주소,역사전화번호,데이터기준일자,제공기관코드,제공기관명,
115,설화명곡,S2701,대구 도시철도 1호선,SeolhwaMyeonggok,舌化椧谷,일반역,,,35.7987183,128.4893178,대구광역시 대구도시철도공사,대구광역시 달성군 화원읍 비슬로 2476,053-643-2674,2018-02-21,B552109,대구도시철도공사,
116,화원,S2701,대구 도시철도 1호선,Hwawon,花園,일반역,,,35.8043566,128.5004042,대구광역시 대구도시철도공사,대구광역시 달성군 화원읍 비슬로 지하2600,053-643-5125,2018-02-21,B552109,대구도시철도공사,
117,대곡,S2701,대구 도시철도 1호선,Daegok,大谷,일반역,,,35.809497,128.510390,대구광역시 대구도시철도공사,대구광역시 달서구 비슬로 지하2718 (대곡동),053-644-7723,2018-02-21,B552109,대구도시철도공사,
118,진천,S2701,대구 도시철도 1호선,Jincheon,辰泉,일반역,,,35.813826,128.520397,대구광역시 대구도시철도공사,대구광역시 달서구 월배로 지하76 (진천동),053-642-7723,2018-02-21,B552109,대구도시철도공사,
119,월배,S2701,대구 도시철도 1호선,Wolbae,月背,일반역,,,35.816276,128.528392,대구광역시 대구도시철도공사,대구광역시 달서구 월배로 지하143 (진천동),053-642-7732,2018-02-21,B552109,대구도시철도공사,
120,상인,S2701,대구 도시철도 1호선,Sangin,上仁,일반역,,,35.818966,128.535684,대구광역시 대구도시철도공사,대구광역시 달서구 월배로 지하223 (상인동),053-642-7745,2018-02-21,B552109,대구도시철도공사,
121,월촌,S2701,대구 도시철도 1호선,Wolchon,月村,일반역,,,35.823688,128.543277,대구광역시 대구도시철도공사,대구광역시 달서구 월배로 지하311 (송현동),053-626-7710,2018-02-21,B552109,대구도시철도공사,
122,송현,S2701,대구 도시철도 1호선,Songhyeon,松峴,일반역,,,35.831079,128.549562,대구광역시 대구도시철도공사,대구광역시 달서구 월배로 지하412 (송현동),053-626-7730,2018-02-21,B552109,대구도시철도공사,
123,성당못,S2701,대구 도시철도 1호선,Seongdangmot,聖堂못,일반역,,,35.837471,128.555224,대구광역시 대구도시철도공사,대구광역시 남구 월배로 지하501 (대명동),053-651-7736,2018-02-21,B552109,대구도시철도공사,
124,대명,S2701,대구 도시철도 1호선,Daemyeong,大明,일반역,,,35.839302,128.563288,대구광역시 대구도시철도공사,대구광역시 남구 대명로 지하71 (대명동),053-627-7746,2018-02-21,B552109,대구도시철도공사,
125,안지랑,S2701,대구 도시철도 1호선,Anjirang,없음,일반역,,,35.839243,128.571705,대구광역시 대구도시철도공사,대구광역시 남구 대명로 지하141 (대명동),053-626-7747,2018-02-21,B552109,대구도시철도공사,
126,현충로,S2701,대구 도시철도 1호선,Hyeonchungno,顯忠路,일반역,,,35.840910,128.579194,대구광역시 대구도시철도공사,대구광역시 남구 대명로 지하222 (대명동),053-651-7756,2018-02-21,B552109,대구도시철도공사,
127,영대병원,S2701,대구 도시철도 1호선,Y.N.Univ.Hosp,嶺大病院,일반역,,,35.844269,128.586057,대구광역시 대구도시철도공사,대구광역시 남구 대명로 지하292 (대명동),053-626-7760,2018-02-21,B552109,대구도시철도공사,
128,교대,S2701,대구 도시철도 1호선,Univ. of Educ,敎大,일반역,,,35.851106,128.588432,대구광역시 대구도시철도공사,대구광역시 남구 중앙대로 지하194 (대명동),053-473-7702,2018-02-21,B552109,대구도시철도공사,
129,명덕,S2701,대구 도시철도 1호선,Myeongdeok,明德,환승역,S2701+S2703,대구 도시철도 1호선 + 대구 도시철도 3호선,35.8580257,128.5824361,대구광역시 대구도시철도공사,대구광역시 중구 명덕로 지하185 (남산동),053-255-7723,2018-02-21,B552109,대구도시철도공사,
130,반월당,S2701,대구 도시철도 1호선,Banwoldang,半月堂,환승역,S2701+S2702,대구 도시철도 1호선 + 대구 도시철도 2호선,35.864678,128.591147,대구광역시 대구도시철도공사,대구광역시 중구 달구벌대로 지하2100 (덕산동),053-255-7735,2018-02-21,B552109,대구도시철도공사,
131,중앙로,S2701,대구 도시철도 1호선,Jungangno,中央路,일반역,,,35.870913,128.591799,대구광역시 대구도시철도공사,대구광역시 중구 중앙대로 지하424 (남일동),053-256-7746,2018-02-21,B552109,대구도시철도공사,
132,대구,S2701,대구 도시철도 1호선,Daegu sta.,大邱驛,일반역,,,35.8763691,128.5884861,대구광역시 대구도시철도공사,대구광역시 북구 칠성남로30길 지하24 (칠성동),053-426-7797,2018-02-21,B552109,대구도시철도공사,
133,칠성시장,S2701,대구 도시철도 1호선,Chilseong Market,七星市場,일반역,,,35.876141,128.602970,대구광역시 대구도시철도공사,대구광역시 북구 칠성남로 지하222 (칠성동),053-427-7751,2018-02-21,B552109,대구도시철도공사,
134,신천,S2701,대구 도시철도 1호선,Sincheon,新川,일반역,,,37.511624,127.083391,대구광역시 대구도시철도공사,대구광역시 동구 동부로 지하41 (신천동),053-756-7706,2018-02-21,B552109,대구도시철도공사,
135,동대구,S2701,대구 도시철도 1호선,Dongdaegu sta.,東大邱驛,일반역,,,35.877303,128.627513,대구광역시 대구도시철도공사,대구광역시 동구 동대구로 지하530 (신천동),053-742-7787,2018-02-21,B552109,대구도시철도공사,
136,큰고개,S2701,대구 도시철도 1호선,Keungogae,없음,일반역,,,35.8838366,128.6316231,대구광역시 대구도시철도공사,대구광역시 동구 신암남로 지하169 (신암동),053-942-7721,2018-02-21,B552109,대구도시철도공사,
137,아양교,S2701,대구 도시철도 1호선,Ayanggyo,峨洋橋,일반역,,,35.887162,128.6375663,대구광역시 대구도시철도공사,대구광역시 동구 아양로 지하245 (신암동),053-942-7724,2018-02-21,B552109,대구도시철도공사,
138,동촌,S2701,대구 도시철도 1호선,Dongchon,東村,일반역,,,35.886159,128.649053,대구광역시 대구도시철도공사,대구광역시 동구 해동로 지하197 (검사동),053-981-7731,2018-02-21,B552109,대구도시철도공사,
139,해안,S2701,대구 도시철도 1호선,Haean,解顔,일반역,,,35.8838981,128.6593108,대구광역시 대구도시철도공사,대구광역시 동구 동촌로 지하167 (방촌동),053-981-7775,2018-02-21,B552109,대구도시철도공사,
140,방촌,S2701,대구 도시철도 1호선,Bangchon,芳村,일반역,,,35.879692,128.669976,대구광역시 대구도시철도공사,대구광역시 동구 동촌로 지하275 (방촌동),053-984-7716,2018-02-21,B552109,대구도시철도공사,
141,용계,S2701,대구 도시철도 1호선,Yonggye,龍溪,일반역,,,35.876273,128.681415,대구광역시 대구도시철도공사,대구광역시 동구 동촌로 지하383 (용계동),053-985-7798,2018-02-21,B552109,대구도시철도공사,
142,율하,S2701,대구 도시철도 1호선,Yulha,栗下,일반역,,,35.869579,128.693032,대구광역시 대구도시철도공사,대구광역시 동구 안심로 지하57 (율하동),053-962-7729,2018-02-21,B552109,대구도시철도공사,
143,신기,S2701,대구 도시철도 1호선,Singi,新基,일반역,,,35.866759,128.701658,대구광역시 대구도시철도공사,대구광역시 동구 안심로 지하159 (신기동),053-962-7773,2018-02-21,B552109,대구도시철도공사,
144,반야월,S2701,대구 도시철도 1호선,Banyawol,半夜月,일반역,,,35.865999,128.713553,대구광역시 대구도시철도공사,대구광역시 동구 안심로 지하261 (동호동),053-962-7798,2018-02-21,B552109,대구도시철도공사,
145,각산,S2701,대구 도시철도 1호선,Gaksan,角山,일반역,,,35.868012,128.724389,대구광역시 대구도시철도공사,대구광역시 동구 안심로 지하363 (신서동),053-963-7754,2018-02-21,B552109,대구도시철도공사,
146,안심,S2701,대구 도시철도 1호선,Ansim,安心,일반역,,,35.871227,128.733739,대구광역시 대구도시철도공사,대구광역시 동구 안심로 지하455 (괴전동),053-963-7769,2018-02-21,B552109,대구도시철도공사,
216,문양,S2702,대구 도시철도 2호선,Munyang,汶陽,일반역,,,35.864171,128.436969,대구광역시 대구도시철도공사,대구광역시 달성군 다사읍 문양길 71,053-584-6826,2018-02-21,B552109,대구도시철도공사,
217,다사,S2702,대구 도시철도 2호선,Dasa,多斯,일반역,,,35.8649583,128.4561083,대구광역시 대구도시철도공사,대구광역시 달성군 다사읍 다사로지하30,053-588-6680,2018-02-21,B552109,대구도시철도공사,
218,대실,S2702,대구 도시철도 2호선,Daesil,없음,일반역,,,35.8579028,128.4644392,대구광역시 대구도시철도공사,대구광역시 달성군 다사읍 달구벌대로지하888,053-587-1933,2018-02-21,B552109,대구도시철도공사,
219,강창,S2702,대구 도시철도 2호선,Gangchang,江倉,일반역,,,35.8530713,128.4770843,대구광역시 대구도시철도공사,대구광역시 달서구 달구벌대로 지하1014 (호산동),053-585-0660,2018-02-21,B552109,대구도시철도공사,
220,계명대,S2702,대구 도시철도 2호선,Keimyung Univ.,啓明大,일반역,,,35.8511654,128.4909082,대구광역시 대구도시철도공사,대구광역시 달서구 달구벌대로 지하1140 (신당동),053-588-0990,2018-02-21,B552109,대구도시철도공사,
221,성서산업단지,S2702,대구 도시철도 2호선,Seongseo Industrial Complex,城西工團,일반역,,,35.8516818,128.5068662,대구광역시 대구도시철도공사,대구광역시 달서구 달구벌대로 지하1280 (이곡동),053-582-6215,2018-02-21,B552109,대구도시철도공사,
222,이곡,S2702,대구 도시철도 2호선,Igok,梨谷,일반역,,,35.850578,128.515776,대구광역시 대구도시철도공사,대구광역시 달서구 달구벌대로 지하1357 (이곡동),053-582-6214,2018-02-21,B552109,대구도시철도공사,
223,용산,S2702,대구 도시철도 2호선,Yongsan,龍山,일반역,,,35.849053,128.528702,대구광역시 대구도시철도공사,대구광역시 달서구 달구벌대로 지하1476 (용산동),053-553-3598,2018-02-21,B552109,대구도시철도공사,
224,죽전,S2702,대구 도시철도 2호선,Jukjeon,竹田,일반역,,,35.8503956,128.5381172,대구광역시 대구도시철도공사,대구광역시 달서구 달구벌대로 지하1560 (죽전동),053-556-0292,2018-02-21,B552109,대구도시철도공사,
225,감삼,S2702,대구 도시철도 2호선,Gamsam,甘三,일반역,,,35.8542327,128.5477848,대구광역시 대구도시철도공사,대구광역시 달서구 달구벌대로 지하1665 (감삼동),053-552-2856,2018-02-21,B552109,대구도시철도공사,
226,두류,S2702,대구 도시철도 2호선,Duryu,頭流,일반역,,,35.8578873,128.5552363,대구광역시 대구도시철도공사,대구광역시 달서구 달구벌대로 지하1760 (두류동),053-628-3663,2018-02-21,B552109,대구도시철도공사,
227,내당,S2702,대구 도시철도 2호선,Naedang,內唐,일반역,,,35.860139,128.564636,대구광역시 대구도시철도공사,대구광역시 달서구 달구벌대로 지하1900 (두류동),053-656-6038,2018-02-21,B552109,대구도시철도공사,
228,반고개,S2702,대구 도시철도 2호선,Bangogae,없음,일반역,,,35.862248,128.572730,대구광역시 대구도시철도공사,대구광역시 서구 달구벌대로 지하1827 (내당동),053-655-1196,2018-02-21,B552109,대구도시철도공사,
229,신남,S2702,대구 도시철도 2호선,Sinnam,新南,환승역,S2702+S2703,대구 도시철도 2호선 + 대구 도시철도 3호선,35.864875,128.582358,대구광역시 대구도시철도공사,대구광역시 중구 달구벌대로 지하2000 (동산동),053-256-7728,2018-02-21,B552109,대구도시철도공사,
230,반월당,S2702,대구 도시철도 2호선,Banwoldang,半月堂,환승역,S2702+S2701,대구 도시철도 2호선 + 대구 도시철도 1호선,35.865513,128.593393,대구광역시 대구도시철도공사,대구광역시 중구 달구벌대로 지하2100 (덕산동),053-252-0689,2018-02-21,B552109,대구도시철도공사,
231,경대병원,S2702,대구 도시철도 2호선,Kyung-dae hosp.,慶大病院,일반역,,,35.863183,128.602626,대구광역시 대구도시철도공사,대구광역시 중구 달구벌대로 지하2190 (삼덕동),053-427-0523,2018-02-21,B552109,대구도시철도공사,
232,대구은행,S2702,대구 도시철도 2호선,Daegu Bank,大邱銀行,일반역,,,35.859777,128.614091,대구광역시 대구도시철도공사,대구광역시 수성구 달구벌대로 지하2300 (수성동),053-752-0206,2018-02-21,B552109,대구도시철도공사,
233,범어,S2702,대구 도시철도 2호선,Beomeo,泛魚,일반역,,,35.8590259,128.6238385,대구광역시 대구도시철도공사,대구광역시 수성구 달구벌대로 지하2396 (범어동),053-756-9376,2018-02-21,B552109,대구도시철도공사,
234,수성구청,S2702,대구 도시철도 2호선,Suseong-gu Office,壽城區廳,일반역,,,35.8585726,128.6360776,대구광역시 대구도시철도공사,대구광역시 수성구 달구벌대로 지하2500 (범어동),053-756-7822,2018-02-21,B552109,대구도시철도공사,
235,만촌,S2702,대구 도시철도 2호선,Manchon,晩村,일반역,,,35.8580984,128.6429934,대구광역시 대구도시철도공사,대구광역시 수성구 달구벌대로 지하2584 (만촌동),053-751-0287,2018-02-21,B552109,대구도시철도공사,
236,담티,S2702,대구 도시철도 2호선,Damti,(壽城大.大倫),일반역,,,35.8548283,128.6517483,대구광역시 대구도시철도공사,대구광역시 수성구 달구벌대로 지하2672 (만촌동),053-752-0959,2018-02-21,B552109,대구도시철도공사,
237,연호,S2702,대구 도시철도 2호선,Yeonho,蓮湖,일반역,,,35.8463606,128.6712747,대구광역시 대구도시철도공사,대구광역시 수성구 달구벌대로 지하2870 (연호동),053-791-0922,2018-02-21,B552109,대구도시철도공사,
238,대공원,S2702,대구 도시철도 2호선,Daegongwon(Grand Park),大公園,일반역,,,35.8426754,128.6797386,대구광역시 대구도시철도공사,대구광역시 수성구 달구벌대로 지하2950 (연호동),053-791-0881,2018-02-21,B552109,대구도시철도공사,
239,고산,S2702,대구 도시철도 2호선,Gosan,孤山,일반역,,,35.8428892,128.6928426,대구광역시 대구도시철도공사,대구광역시 수성구 달구벌대로 지하3080 (시지동),053-791-0858,2018-02-21,B552109,대구도시철도공사,
240,신매,S2702,대구 도시철도 2호선,Sinmae,新梅,일반역,,,35.8408467,128.7045286,대구광역시 대구도시철도공사,대구광역시 수성구 달구벌대로 지하3180 (매호동),053-791-0898,2018-02-21,B552109,대구도시철도공사,
241,사월,S2702,대구 도시철도 2호선,Sawol,沙月,일반역,,,35.8369933,128.7134473,대구광역시 대구도시철도공사,대구광역시 수성구 달구벌대로 지하3290 (신매동),053-795-0767,2018-02-21,B552109,대구도시철도공사,
242,정평,S2702,대구 도시철도 2호선,Jeongpyeong,正坪,일반역,,,35.8340843,128.7264743,대구광역시 대구도시철도공사,경상북도 경산시 대학로 지하60(정평동),053-811-4753,2018-02-21,B552109,대구도시철도공사,
243,임당,S2702,대구 도시철도 2호선,Imdang,林堂,일반역,,,35.8343906,128.7408599,대구광역시 대구도시철도공사,경상북도 경산시 대학로 지하170(중방동),053-811-0732,2018-02-21,B552109,대구도시철도공사,
244,영남대,S2702,대구 도시철도 2호선,Yeungnam University,嶺南大,일반역,,,35.8363683,128.7507913,대구광역시 대구도시철도공사,경상북도 경산시 대학로 지하270(대동),053-801-3785,2018-02-21,B552109,대구도시철도공사,
312,칠곡경대병원,S2703,대구 도시철도 3호선,Chilgok Kyungpook Nat‘l Univ. Medical Center,漆谷 慶大病院,일반역,,,35.9583939,128.5599142,대구광역시 대구도시철도공사,대구광역시 북구 팔거천동로 386(동호동),053-640-7381,2018-02-21,B552109,대구도시철도공사,
313,학 정,S2703,대구 도시철도 3호선,Hakjeong,鶴亭,일반역,,,35.951577,128.5591956,대구광역시 대구도시철도공사,대구광역시 북구 팔거천동로 310(학정동),053-640-7381,2018-02-21,B552109,대구도시철도공사,
314,팔 거,S2703,대구 도시철도 3호선,Palgeo,八?,일반역,,,35.944126,128.5583539,대구광역시 대구도시철도공사,대구광역시 북구 팔거천동로 226(동천동),053-640-7381,2018-02-21,B552109,대구도시철도공사,
315,동 천,S2703,대구 도시철도 3호선,Dongcheon,東川,일반역,,,35.9377071,128.5566602,대구광역시 대구도시철도공사,대구광역시 북구 팔거천동로 147(동천동),053-640-7381,2018-02-21,B552109,대구도시철도공사,
316,칠곡운암,S2703,대구 도시철도 3호선,Chilgok·Unam,漆谷雲岩,일반역,,,35.9314868,128.5545711,대구광역시 대구도시철도공사,대구광역시 북구 팔거천동로 79(구암동),053-640-7381,2018-02-21,B552109,대구도시철도공사,
317,구 암,S2703,대구 도시철도 3호선,Guam,鳩岩,일반역,,,35.9257608,128.5504075,대구광역시 대구도시철도공사,대구광역시 북구 팔거천동로 1(구암동),053-640-7381,2018-02-21,B552109,대구도시철도공사,
318,태 전,S2703,대구 도시철도 3호선,Taejeon,太田,일반역,,,35.9197078,128.5474952,대구광역시 대구도시철도공사,대구광역시 북구 칠곡중앙대로 262(태전동),053-640-7431,2018-02-21,B552109,대구도시철도공사,
319,매 천,S2703,대구 도시철도 3호선,Maecheon,梅川,일반역,,,35.9127328,128.5433793,대구광역시 대구도시철도공사,대구광역시 북구 학정로 6(매천동),053-640-7431,2018-02-21,B552109,대구도시철도공사,
320,매천시장,S2703,대구 도시철도 3호선,Maecheon Market,梅川市場,일반역,,,35.9044626,128.5457614,대구광역시 대구도시철도공사,대구광역시 북구 매천로 18길 39(매천동),053-640-7431,2018-02-21,B552109,대구도시철도공사,
321,팔 달,S2703,대구 도시철도 3호선,Paldal,八達,일반역,,,35.8978498,128.5467575,대구광역시 대구도시철도공사,대구광역시 북구 매천로2길 43(팔달동),053-640-7431,2018-02-21,B552109,대구도시철도공사,
322,공 단,S2703,대구 도시철도 3호선,Gongdan,工團,일반역,,,35.8919855,128.5536204,대구광역시 대구도시철도공사,대구광역시 북구 팔달로 28(비산동),053-640-7431,2018-02-21,B552109,대구도시철도공사,
323,만 평,S2703,대구 도시철도 3호선,Manpyeong,萬坪,일반역,,,35.8898678,128.561021,대구광역시 대구도시철도공사,대구광역시 북구 팔달로 105(노원동3가),053-640-7431,2018-02-21,B552109,대구도시철도공사,
324,팔달시장,S2703,대구 도시철도 3호선,Paldal Market,八達市場,일반역,,,35.8888598,128.567844,대구광역시 대구도시철도공사,대구광역시 북구 팔달로 163-1(노원동3가),053-640-7521,2018-02-21,B552109,대구도시철도공사,
325,원 대,S2703,대구 도시철도 3호선,Wondae,院垈,일반역,,,35.8878671,128.5742706,대구광역시 대구도시철도공사,대구광역시 서구 팔달로 224-2(원대동3가),053-640-7521,2018-02-21,B552109,대구도시철도공사,
326,북구청,S2703,대구 도시철도 3호선,Buk-gu Office,北區廳,일반역,,,35.8838928,128.5814795,대구광역시 대구도시철도공사,대구광역시 서구 원대로 71(원대동2가),053-640-7521,2018-02-21,B552109,대구도시철도공사,
327,달성공원,S2703,대구 도시철도 3호선,Dalseong Park,達城公園,일반역,,,35.875779,128.5820904,대구광역시 대구도시철도공사,대구광역시 중구 달성로 116(수창동),053-640-7521,2018-02-21,B552109,대구도시철도공사,
328,서문시장,S2703,대구 도시철도 3호선,Seomun Market,西門市場,일반역,,,35.8697503,128.5822416,대구광역시 대구도시철도공사,대구광역시 중구 달성로 50(대신동),053-640-7521,2018-02-21,B552109,대구도시철도공사,
329,신 남,S2703,대구 도시철도 3호선,Sinnam,新南,환승역,S2703+S2702,대구 도시철도 3호선 + 대구 도시철도 2호선,35.8642709,128.5823466,대구광역시 대구도시철도공사,대구광역시 중구 남산로 80(남산동),053-640-7521,2018-02-21,B552109,대구도시철도공사,
330,남 산,S2703,대구 도시철도 3호선,Namsan,南山,일반역,,,35.8566997,128.5833577,대구광역시 대구도시철도공사,대구광역시 중구 남산로 2(남산동),053-640-7581,2018-02-21,B552109,대구도시철도공사,
331,명 덕,S2703,대구 도시철도 3호선,Myeongdeok,明德,환승역,S2703+S2701,대구 도시철도 3호선 + 대구 도시철도 1호선,35.8569753,128.5900125,대구광역시 대구도시철도공사,대구광역시 남구 명덕로 186(대명동),053-640-7581,2018-02-21,B552109,대구도시철도공사,
332,건들바위,S2703,대구 도시철도 3호선,Geondeulbawi,없음,일반역,,,35.8554168,128.599626,대구광역시 대구도시철도공사,대구광역시 남구 명덕로 260(이천동),053-640-7581,2018-02-21,B552109,대구도시철도공사,
333,대봉교,S2703,대구 도시철도 3호선,Daebonggyo,大鳳橋,일반역,,,35.8550055,128.6063579,대구광역시 대구도시철도공사,대구광역시 남구 명덕로 330(이천동),053-640-7581,2018-02-21,B552109,대구도시철도공사,
334,수성시장,S2703,대구 도시철도 3호선,Suseong Market,壽城市場,일반역,,,35.8543308,128.6160342,대구광역시 대구도시철도공사,대구광역시 수성구 명덕로 420(수성동2가),053-640-7581,2018-02-21,B552109,대구도시철도공사,
335,수성구민운동장,S2703,대구 도시철도 3호선,Suseong District Stadium,壽城區民運動場,일반역,,,35.852560,128.6250845,대구광역시 대구도시철도공사,대구광역시 수성구 동대구로 248(범어동),053-640-7581,2018-02-21,B552109,대구도시철도공사,
336,어린이회관,S2703,대구 도시철도 3호선,Children''''s Hall,없음,일반역,,,35.8452121,128.6244688,대구광역시 대구도시철도공사,대구광역시 수성구 동대구로 166(황금동),053-640-7611,2018-02-21,B552109,대구도시철도공사,
337,황 금,S2703,대구 도시철도 3호선,Hwanggeum,黃金,일반역,,,35.8391104,128.6239718,대구광역시 대구도시철도공사,대구광역시 수성구 동대구로 100(두산동),053-640-7611,2018-02-21,B552109,대구도시철도공사,
338,수성못,S2703,대구 도시철도 3호선,Suseongmot,없음,일반역,,,35.8313624,128.6231984,대구광역시 대구도시철도공사,대구광역시 수성구 동대구로 14(지산동),053-640-7611,2018-02-21,B552109,대구도시철도공사,
339,지 산,S2703,대구 도시철도 3호선,Jisan,池山,일반역,,,35.8251707,128.631909,대구광역시 대구도시철도공사,대구광역시 수성구 지범로 100(지산동),053-640-7611,2018-02-21,B552109,대구도시철도공사,
340,범 물,S2703,대구 도시철도 3호선,Beommul,凡勿,일반역,,,35.8208443,128.6400962,대구광역시 대구도시철도공사,대구광역시 수성구 지범로 194(범물동),053-640-7611,2018-02-21,B552109,대구도시철도공사,
341,용 지,S2703,대구 도시철도 3호선,Yongji,龍池,일반역,,,35.8182735,128.6465169,대구광역시 대구도시철도공사,대구광역시 수성구 범안로 83(범물동),053-640-7611,2018-02-21,B552109,대구도시철도공사,
100,녹동역,S2901,광주도시철도 1호선,Nokdong,鹿洞,일반역,,,35.107028,126.933932,광주광역시 도시철도공사,광주광역시 동구 녹동길 45(용산동),062-604-8410,2018-08-16,B551232,광주광역시도시철도공사,
101,소태역,S2901,광주도시철도 1호선,Sotae,所台,일반역,,,35.124108,126.932013,광주광역시 도시철도공사,광주광역시 동구 남문로 지하 587(소태동),062-604-8410,2018-08-16,B551232,광주광역시도시철도공사,
102,학동증심사입구역,S2901,광주도시철도 1호선,Hakdong Jeungsimsa,鶴洞ㆍ證心寺入口,일반역,,,35.133023,126.928382,광주광역시 도시철도공사,광주광역시 동구 남문로 지하 700(학동),062-604-8420,2018-08-16,B551232,광주광역시도시철도공사,
103,남광주역,S2901,광주도시철도 1호선,Namgwangju,南光州,일반역,,,35.138400,126.921807,광주광역시 도시철도공사,광주광역시 동구 제봉로 지하 14(학동),062-604-8430,2018-08-16,B551232,광주광역시도시철도공사,
104,문화전당역(구도청),S2901,광주도시철도 1호선,Culture Center(Formerly Provincial office),文化殿堂,일반역,,,35.146610,126.920050,광주광역시 도시철도공사,광주광역시 동구 문화전당로 26번길 지하 7(광산동),062-604-8440,2018-08-16,B551232,광주광역시도시철도공사,
105,금남로4가역,S2901,광주도시철도 1호선,Geumnamno4(sa)-ga,錦南路4街,일반역,,,35.150976,126.914446,광주광역시 도시철도공사,광주광역시 동구 금남로 지하 210(금남로4가),062-604-8450,2018-08-16,B551232,광주광역시도시철도공사,
106,금남로5가역,S2901,광주도시철도 1호선,Geumnamno 5(o)-ga,錦南路5街,일반역,,,35.153180,126.910933,광주광역시 도시철도공사,광주광역시 북구 금남로 지하 138(북동),062-604-8460,2018-08-16,B551232,광주광역시도시철도공사,
107,양동시장역,S2901,광주도시철도 1호선,Yangdong Market,良洞市場,일반역,,,35.154176,126.904489,광주광역시 도시철도공사,광주광역시 서구 경열로 지하 152(양동),062-604-8470,2018-08-16,B551232,광주광역시도시철도공사,
108,돌고개역,S2901,광주도시철도 1호선,Dolgogae,해당사항 없음,일반역,,,35.152047,126.895637,광주광역시 도시철도공사,광주광역시 서구 경열로 지하 87(농성동),062-604-8480,2018-08-16,B551232,광주광역시도시철도공사,
109,농성역,S2901,광주도시철도 1호선,Nongseong,農城,일반역,,,35.153563,126.883973,광주광역시 도시철도공사,광주광역시 서구 상무대로 지하 1123(농성동),062-604-8490,2018-08-16,B551232,광주광역시도시철도공사,
110,화정역,S2901,광주도시철도 1호선,Hwajeong,花亭,일반역,,,35.152500,126.877698,광주광역시 도시철도공사,광주광역시 서구 상무대로 지하 1041(화정동),062-604-8500,2018-08-16,B551232,광주광역시도시철도공사,
111,쌍촌역,S2901,광주도시철도 1호선,Ssangchon,雙村,일반역,,,35.151793,126.869519,광주광역시 도시철도공사,광주광역시 서구 상무대로 지하 983(쌍촌동),062-604-8510,2018-08-16,B551232,광주광역시도시철도공사,
112,운천역,S2901,광주도시철도 1호선,Uncheon,云泉,일반역,,,35.150486,126.858694,광주광역시 도시철도공사,광주광역시 서구 상무대로 지하 883(쌍촌동),062-604-8520,2018-08-16,B551232,광주광역시도시철도공사,
113,상무역,S2901,광주도시철도 1호선,Sangmu,尙武,일반역,,,35.146784,126.848641,광주광역시 도시철도공사,광주광역시 서구 상무대로 지하 777(마륵동),062-604-8530,2018-08-16,B551232,광주광역시도시철도공사,
114,김대중컨벤션센터(마륵)역,S2901,광주도시철도 1호선,KimDaejungConvention Center (Mareuk),馬勒,일반역,,,35.143214,126.841442,광주광역시 도시철도공사,광주광역시 서구 상무대로 지하 705(마륵동),062-604-8540,2018-08-16,B551232,광주광역시도시철도공사,
115,공항역,S2901,광주도시철도 1호선,Airport,空港,일반역,,,35.144179,126.811530,광주광역시 도시철도공사,광주광역시 광산구 상무대로 지하 416-99(신촌동),062-604-8550,2018-08-16,B551232,광주광역시도시철도공사,
116,송정공원역,S2901,광주도시철도 1호선,Songjeong Park,松汀公園,일반역,,,35.143565,126.799245,광주광역시 도시철도공사,광주광역시 광산구 상무대로 지하 314-99(송정동),062-604-8560,2018-08-16,B551232,광주광역시도시철도공사,
117,광주송정역,S2901,광주도시철도 1호선,Gwangju Songjeong Station,光州松汀站,일반역,,,35.137529,126.791488,광주광역시 도시철도공사,광주광역시 광산구 상무대로 지하 201-99(송정동),062-604-8570,2018-08-16,B551232,광주광역시도시철도공사,
118,도산역,S2901,광주도시철도 1호선,Dosan,道山,일반역,,,35.131713,126.787942,광주광역시 도시철도공사,광주광역시 광산구 상무대로 지하 125-99(도산동),062-604-8580,2018-08-16,B551232,광주광역시도시철도공사,
119,평동역,S2901,광주도시철도 1호선,Pyeongdong,平洞,일반역,,,35.124700,126.769586,광주광역시 도시철도공사,광주광역시 광산구 평동로 870(월전동),062-604-8590,2018-08-16,B551232,광주광역시도시철도공사,
U110,발곡,L4101,의정부경전철,Balgok,鉢谷,일반역,,,37.7269917,127.0529098,인천교통공사,경기도 의정부시 장곡로 258,031-820-1000,2018-06-25,3820000,경기도 의정부시,
U111,회룡,L4101,의정부경전철,Hoeryong,回龍,환승역,S1101+L4101,서울도시철도1호선+의정부경전철,37.7250156,127.0471082,인천교통공사,경기도 의정부시 평화로 363,031-820-1000,2018-06-25,3820000,경기도 의정부시,
U112,범골,L4101,의정부경전철,Beomgol,,일반역,,,37.728796,127.0436639,인천교통공사,경기도 의정부시 신흥로 141,031-820-1000,2018-06-25,3820000,경기도 의정부시,
U113,경전철의정부,L4101,의정부경전철,Lrt Uijeongbu,輕電鐵議政府,일반역,,,37.7373859,127.043314,인천교통공사,경기도 의정부시 신흥로 237,031-820-1000,2018-06-25,3820000,경기도 의정부시,
U114,의정부시청,L4101,의정부경전철,Uijeongbu City Hall,議政府市廳,일반역,,,37.7392416,127.0348664,인천교통공사,경기도 의정부시 의정부로 69,031-820-1000,2018-06-25,3820000,경기도 의정부시,
U115,흥선,L4101,의정부경전철,Heungseon,興宣,일반역,,,37.7432842,127.0371212,인천교통공사,경기도 의정부시 호국로 1197,031-820-1000,2018-06-25,3820000,경기도 의정부시,
U117,의정부중앙,L4101,의정부경전철,Uijeongbu Jung-ang,議政府中央,일반역,,,37.7436839,127.0496634,인천교통공사,경기도 의정부시 호국로 1305,031-820-1000,2018-06-25,3820000,경기도 의정부시,
U118,동오,L4101,의정부경전철,Dong-o,東梧,일반역,,,37.7452685,127.056979,인천교통공사,경기도 의정부시 장곡로 471,031-820-1000,2018-06-25,3820000,경기도 의정부시,
U119,새말,L4101,의정부경전철,Sae-mal,,일반역,,,37.7488688,127.0637846,인천교통공사,경기도 의정부시 장곡로 551,031-820-1000,2018-06-25,3820000,경기도 의정부시,
U120,경기도청북부청사,L4101,의정부경전철,Northern Gyeonggi-do Government,京畿道廳北部廳舍,일반역,,,37.7507731,127.0716075,인천교통공사,경기도 의정부시 장곡로 615,031-820-1000,2018-06-25,3820000,경기도 의정부시,
U121,효자,L4101,의정부경전철,Hyoja,孝子,일반역,,,37.7539992,127.0772808,인천교통공사,경기도 의정부시 부용로 159-40,031-820-1000,2018-06-25,3820000,경기도 의정부시,
U122,곤제,L4101,의정부경전철,Gonjae,昆弟,일반역,,,37.7505337,127.083846,인천교통공사,경기도 의정부시 천보로 173,031-820-1000,2018-06-25,3820000,경기도 의정부시,
U123,어룡,L4101,의정부경전철,Eoryong,魚龍,일반역,,,37.7426961,127.0852263,인천교통공사,경기도 의정부시 충의로 125,031-820-1000,2018-06-25,3820000,경기도 의정부시,
U124,송산,L4101,의정부경전철,Songsan,松山,일반역,,,37.737262,127.0872261,인천교통공사,경기도 의정부시 충의로 59,031-820-1000,2018-06-25,3820000,경기도 의정부시,
U125,탑석,L4101,의정부경전철,Tapseok,塔石,일반역,,,37.7334668,127.0889285,인천교통공사,경기도 의정부시 충의로 20,031-820-1000,2018-06-25,3820000,경기도 의정부시,
101,판암,S3001,대전도시철도 1호선,Panam,板岩,일반역,,,36.316896,127.458264,대전광역시 도시철도공사,대전광역시 동구 옥천로 지하162 (판암동),042-539-3601,2018-02-20,B551918,대전광역시도시철도공사,
102,신흥,S3001,대전도시철도 1호선,Sinheung,新興,일반역,,,36.319652,127.448792,대전광역시 도시철도공사,대전광역시 동구 옥천로 지하 70 (판암동),042-539-3602,2018-02-20,B551918,대전광역시도시철도공사,
103,대동,S3001,대전도시철도 1호선,Dae-dong,大洞,일반역,,,36.329532,127.442848,대전광역시 도시철도공사,대전광역시 동구 계족로 지하 176 (대동),042-539-3603,2018-02-20,B551918,대전광역시도시철도공사,
104,대전,S3001,대전도시철도 1호선,Daejeon,大田,일반역,,,36.331583,127.433118,대전광역시 도시철도공사,대전광역시 동구 중앙로 지하 218 (중동),042-539-3604,2018-02-20,B551918,대전광역시도시철도공사,
105,중앙로,S3001,대전도시철도 1호선,Jungangno,中央路,일반역,,,36.328664,127.425842,대전광역시 도시철도공사,대전광역시 중구 중앙로 지하 145 (은행동),042-539-3605,2018-02-20,B551918,대전광역시도시철도공사,
106,중구청,S3001,대전도시철도 1호선,Jung-gu Office,中區廳,일반역,,,36.324831,127.419627,대전광역시 도시철도공사,대전광역시 중구 중앙로 지하 71 (선화동),042-539-3606,2018-02-20,B551918,대전광역시도시철도공사,
107,서대전네거리,S3001,대전도시철도 1호선,Seodaejeon negeori,西大田4,일반역,,,36.322416,127.412518,대전광역시 도시철도공사,대전광역시 중구 계룡로 지하 889(용두동),042-539-3607,2018-02-20,B551918,대전광역시도시철도공사,
108,오룡,S3001,대전도시철도 1호선,Oryong,五龍,일반역,,,36.328582,127.405046,대전광역시 도시철도공사,대전광역시 중구 계룡로 지하 793(오류동),042-539-3608,2018-02-20,B551918,대전광역시도시철도공사,
109,용문,S3001,대전도시철도 1호선,Yongmun,龍汶,일반역,,,36.338252,127.393317,대전광역시 도시철도공사,대전광역시 서구 계룡로 지하 644(용문동),042-539-3609,2018-02-20,B551918,대전광역시도시철도공사,
110,탄방,S3001,대전도시철도 1호선,Tanbang,炭坊,일반역,,,36.345440,127.384603,대전광역시 도시철도공사,대전광역시 서구 문정로48번길 지하 19(탄방동),042-539-3610,2018-02-20,B551918,대전광역시도시철도공사,
111,시청,S3001,대전도시철도 1호선,City Hall,市廳,일반역,,,36.351673,127.386739,대전광역시 도시철도공사,대전광역시 서구 둔산중로 지하 55(둔산동),042-539-3611,2018-02-20,B551918,대전광역시도시철도공사,
112,정부청사,S3001,대전도시철도 1호선,Government  Complex Daejeon,政府廳舍,일반역,,,36.357661,127.381047,대전광역시 도시철도공사,대전광역시 서구 한밭대로 지하 744(둔산동),042-539-3612,2018-02-20,B551918,대전광역시도시철도공사,
113,갈마,S3001,대전도시철도 1호선,Galma,葛馬,일반역,,,36.357522,127.372632,대전광역시 도시철도공사,대전광역시 서구 한밭대로 지하 666(갈마동),042-539-3613,2018-02-20,B551918,대전광역시도시철도공사,
114,월평,S3001,대전도시철도 1호선,Wolpyeong,月坪,일반역,,,36.358272,127.364382,대전광역시 도시철도공사,대전광역시 서구 한밭대로 지하 595(월평동),042-539-3614,2018-02-20,B551918,대전광역시도시철도공사,
115,갑천,S3001,대전도시철도 1호선,Gapcheon,甲川,일반역,,,36.354578,127.354467,대전광역시 도시철도공사,대전광역시 서구 갑천도시고속도로 지하 1833(월평동),042-539-3615,2018-02-20,B551918,대전광역시도시철도공사,
116,유성온천,S3001,대전도시철도 1호선,Yuseong Spa,儒城溫泉,일반역,,,36.353689,127.341524,대전광역시 도시철도공사,대전광역시 유성구 계룡로 지하 97(봉명동),042-539-3616,2018-02-20,B551918,대전광역시도시철도공사,
117,구암,S3001,대전도시철도 1호선,Guam,九岩,일반역,,,36.356605,127.330830,대전광역시 도시철도공사,대전광역시 유성구 유성대로 703(구암동),042-539-3617,2018-02-20,B551918,대전광역시도시철도공사,
118,현충원,S3001,대전도시철도 1호선,National  Cemetery,顯忠院,일반역,,,36.359021,127.321525,대전광역시 도시철도공사,대전광역시 유성구 현충원로 지하 455(구암동),042-539-3618,2018-02-20,B551918,대전광역시도시철도공사,
119,월드컵경기장,S3001,대전도시철도 1호선,World Cup  Stadium,World Cup 競技場,일반역,,,36.366825,127.317859,대전광역시 도시철도공사,대전광역시 유성구 한밭대로 지하 155(노은동),042-539-3619,2018-02-20,B551918,대전광역시도시철도공사,
120,노은,S3001,대전도시철도 1호선,Noeun,老隱,일반역,,,36.374150,127.317835,대전광역시 도시철도공사,대전광역시 유성구 노은로 지하 161(지족동),042-539-3620,2018-02-20,B551918,대전광역시도시철도공사,
121,지족,S3001,대전도시철도 1호선,Jijok,智足,일반역,,,36.384106,127.319501,대전광역시 도시철도공사,대전광역시 유성구 노은로 273(지족동),042-539-3621,2018-02-20,B551918,대전광역시도시철도공사,
122,반석,S3001,대전도시철도 1호선,Banseok,盤石,일반역,,,36.392128,127.314581,대전광역시 도시철도공사,대전광역시 유성구 북유성대로 지하 303(반석동),042-539-3622,2018-02-20,B551918,대전광역시도시철도공사,
0095,다대포해수욕장,S2601,부산도시철도 1호선,Dadaepo Beach,多大浦海水浴場,일반역,,,35.089951,128.973971,부산교통공사,부산광역시 사하구 다대로 지하 692,051-678-6195,2018-01-30,B551542,부산교통공사,
0096,다대포항역,S2601,부산도시철도 1호선,Dadaepo Harbor,多大浦港,일반역,,,35.081631,128.977636,부산교통공사,부산광역시 사하구 다대로 지하 548,051-678-6196,2018-01-30,B551542,부산교통공사,
0097,낫개역,S2601,부산도시철도 1호선,Natgae,羅 浦,일반역,,,35.074433,128.977041,부산교통공사,부산광역시 사하구 다대로 지하 422,051-678-6197,2018-01-30,B551542,부산교통공사,
0098,신장림역,S2601,부산도시철도 1호선,Sinjangnim,新長林,일반역,,,35.065265,128.979873,부산교통공사,부산광역시 사하구 다대로 지하 310,051-678-6198,2018-01-30,B551542,부산교통공사,
0099,장림역,S2601,부산도시철도 1호선,Jangnim,長林,일반역,,,35.057419,128.971279,부산교통공사,부산광역시 사하구 다대로 지하 230,051-618-6199,2018-01-30,B551542,부산교통공사,
0100,동매역,S2601,부산도시철도 1호선,Dongmae,東 山,일반역,,,35.048621,128.965908,부산교통공사,부산광역시 사하구 신산로 지하 168,051-618-6100,2018-01-30,B551542,부산교통공사,
0101,신평역,S2601,부산도시철도 1호선,Sinpyeong,新平,일반역,,,35.095179,128.960564,부산교통공사,부산광역시 사하구 하신번영로 140,051-678-6101,2018-01-30,B551542,부산교통공사,
0102,하단역,S2601,부산도시철도 1호선,Hadan,下端,일반역,,,35.106180,128.966803,부산교통공사,부산광역시 사하구 낙동남로 지하 1415,051-678-6102,2018-01-30,B551542,부산교통공사,
0103,당리역,S2601,부산도시철도 1호선,Dangni,堂里,일반역,,,35.103532,128.973846,부산교통공사,부산광역시 사하구 낙동대로 지하 405,051-678-6103,2018-01-30,B551542,부산교통공사,
0104,사하역,S2601,부산도시철도 1호선,Saha,沙下,일반역,,,35.099847,128.983100,부산교통공사,부산광역시 사하구 낙동대로 지하 309,051-678-6104,2018-01-30,B551542,부산교통공사,
0105,괴정역,S2601,부산도시철도 1호선,Goejeong,槐亭,일반역,,,35.099816,128.992144,부산교통공사,부산광역시 사하구 낙동대로 지하 221,051-678-6105,2018-01-30,B551542,부산교통공사,
0106,대티역,S2601,부산도시철도 1호선,Daeti,大峙,일반역,,,35.103126,128.999936,부산교통공사,부산광역시 사하구 낙동대로 지하 141,051-678-6106,2018-01-30,B551542,부산교통공사,
0107,서대신역,S2601,부산도시철도 1호선,Seodaesin,西大新,일반역,,,35.110937,129.012178,부산교통공사,부산광역시 서구 대영로 지하 1,051-678-6107,2018-01-30,B551542,부산교통공사,
0108,동대신역,S2601,부산도시철도 1호선,Dongdaesin,東大新,일반역,,,35.110452,129.017684,부산교통공사,부산광역시 서구 구덕로 지하 290,051-678-6108,2018-01-30,B551542,부산교통공사,
0109,토성역,S2601,부산도시철도 1호선,Toseong,土城,일반역,,,35.100727,129.019776,부산교통공사,부산광역시 서구 구덕로 지하 170,051-678-6109,2018-01-30,B551542,부산교통공사,
0110,자갈치역,S2601,부산도시철도 1호선,Jagalchi,??其,일반역,,,35.097372,129.026670,부산교통공사,부산광역시 중구 구덕로 지하 80,051-678-6110,2018-01-30,B551542,부산교통공사,
0111,남포역,S2601,부산도시철도 1호선,Nampo,南浦,일반역,,,35.097953,129.034869,부산교통공사,부산광역시 중구 구덕로 지하 12,051-678-6111,2018-01-30,B551542,부산교통공사,
0112,중앙역,S2601,부산도시철도 1호선,Jungang,中央,일반역,,,35.103837,129.036371,부산교통공사,부산광역시 중구 중앙대로 지하 83,051-678-6112,2018-01-30,B551542,부산교통공사,
0113,부산역,S2601,부산도시철도 1호선,Busan Station,釜山驛,일반역,,,35.115224,129.039700,부산교통공사,부산광역시 동구 중앙대로 지하 200,051-678-6113,2018-01-30,B551542,부산교통공사,
0114,초량역,S2601,부산도시철도 1호선,Choryang,草梁,일반역,,,35.121168,129.043039,부산교통공사,부산광역시 동구 중앙대로 지하 264,051-678-6114,2018-01-30,B551542,부산교통공사,
0115,부산진역,S2601,부산도시철도 1호선,Busanjin,釜山鎭,일반역,,,35.127787,129.047894,부산교통공사,부산광역시 동구 중앙대로 지하 350,051-678-6115,2018-01-30,B551542,부산교통공사,
0116,좌천역,S2601,부산도시철도 1호선,Jwacheon,佐川,일반역,,,35.134361,129.054455,부산교통공사,부산광역시 동구 중앙대로 지하 446,051-678-6116,2018-01-30,B551542,부산교통공사,
0117,범일역,S2601,부산도시철도 1호선,Beomil,凡一,일반역,,,35.140952,129.059352,부산교통공사,부산광역시 동구 범일로 지하 108,051-678-6117,2018-01-30,B551542,부산교통공사,
0118,범내골역,S2601,부산도시철도 1호선,Beomnaegol,凡內谷,일반역,,,35.147400,129.059261,부산교통공사,부산광역시 부산진구 중앙대로 지하 612,051-678-6118,2018-01-30,B551542,부산교통공사,
0119,서면역(1호선),S2601,부산도시철도 1호선,Seomyeon,西 面,환승역,S2601+S2602,부산도시철도 1호선+부산도시철도 2호선,35.158282,129.059556,부산교통공사,부산광역시 부산진구 중앙대로 지하 730,051-678-6119,2018-01-30,B551542,부산교통공사,
0120,부전역,S2601,부산도시철도 1호선,Bujeon,釜田,일반역,,,35.162587,129.062952,부산교통공사,부산광역시 부산진구 중앙대로 지하 786,051-678-6120,2018-01-30,B551542,부산교통공사,
0121,양정역,S2601,부산도시철도 1호선,Yangjeong,楊亭,일반역,,,35.173122,129.071366,부산교통공사,부산광역시 부산진구 중앙대로 지하 930,051-678-6121,2018-01-30,B551542,부산교통공사,
0122,시청역,S2601,부산도시철도 1호선,City Hall,市廳,일반역,,,35.179837,129.076642,부산교통공사,부산광역시 연제구 중앙대로 지하 1017,051-678-6122,2018-01-30,B551542,부산교통공사,
0123,연산역,S2601,부산도시철도 1호선,Yeonsan,蓮山,환승역,S2601+S2603,부산도시철도 1호선+부산도시철도 3호선,35.186168,129.081534,부산교통공사,부산광역시 연제구 중앙대로 지하 1101,051-678-6123,2018-01-30,B551542,부산교통공사,
0124,교대역,S2601,부산도시철도 1호선,Busan Nat''l Univ. of Edu.,釜山敎育大學校,일반역,,,35.196050,129.080035,부산교통공사,부산광역시 연제구 중앙대로 지하 1217,051-678-6124,2018-01-30,B551542,부산교통공사,
0125,동래역,S2601,부산도시철도 1호선,Dongnae,東萊,일반역,,,35.205641,129.078506,부산교통공사,부산광역시 동래구 중앙대로 1324,051-678-6125,2018-01-30,B551542,부산교통공사,
0126,명륜역,S2601,부산도시철도 1호선,Myeongnyun,明倫,일반역,,,35.212551,129.079659,부산교통공사,부산광역시 동래구 중앙대로 1414,051-678-6126,2018-01-30,B551542,부산교통공사,
0127,온천장역,S2601,부산도시철도 1호선,Oncheonjang,溫泉場,일반역,,,35.220249,129.086437,부산교통공사,부산광역시 동래구 중앙대로 1520,051-678-6127,2018-01-30,B551542,부산교통공사,
0128,부산대역,S2601,부산도시철도 1호선,Pusan Nat''l Univ.,釜山大學校,일반역,,,35.229609,129.089358,부산교통공사,부산광역시 금정구 장전온천천로 48,051-678-6128,2018-01-30,B551542,부산교통공사,
0129,장전역,S2601,부산도시철도 1호선,Jangjeon,長箭,일반역,,,35.238110,129.088111,부산교통공사,부산광역시 금정구 장전온천천로 144,051-678-6129,2018-01-30,B551542,부산교통공사,
0130,구서역,S2601,부산도시철도 1호선,Guseo,久瑞,일반역,,,35.24740654,129.09132689,부산교통공사,부산광역시 금정구 금정로 233번길 46,051-678-6130,2018-01-30,B551542,부산교통공사,
0131,두실역,S2601,부산도시철도 1호선,Dusil,斗實,일반역,,,35.25695863,129.09138590,부산교통공사,부산광역시 금정구 중앙대로 지하 1927-1,051-678-6131,2018-01-30,B551542,부산교통공사,
0132,남산역,S2601,부산도시철도 1호선,Namsan,南山,일반역,,,35.26540366,129.09249634,부산교통공사,부산광역시 금정구 중앙대로 지하 2019-1,051-678-6132,2018-01-30,B551542,부산교통공사,
0133,범어사역,S2601,부산도시철도 1호선,Beomeosa,梵魚寺,일반역,,,35.27310548,129.09267873,부산교통공사,부산광역시 금정구 중앙대로 지하 2107,051-678-6133,2018-01-30,B551542,부산교통공사,
0134,노포역,S2601,부산도시철도 1호선,Nopo,老圃,일반역,,,35.28365953,129.09496665,부산교통공사,부산광역시 금정구 중앙대로 2238,051-678-6134,2018-01-30,B551542,부산교통공사,
0201,장산역,S2602,부산도시철도 2호선,Jangsan,?山,일반역,,,35.16991442,129.17698592,부산교통공사,부산광역시 해운대구 해운대로 지하 820,051-678-6201,2018-01-30,B551542,부산교통공사,
2020,중동역,S2602,부산도시철도 2호선,Jung-dong,中洞,일반역,,,35.16670005,129.16860402,부산교통공사,부산광역시 해운대구 해운대로 지하 730,051-678-6202,2018-01-30,B551542,부산교통공사,
0203,해운대역,S2602,부산도시철도 2호선,Haeundae,海雲臺,일반역,,,35.16367194,129.15890783,부산교통공사,부산광역시 해운대구 해운대로 지하 626,051-678-6203,2018-01-30,B551542,부산교통공사,
0204,동백역,S2602,부산도시철도 2호선,Dongbaek,冬柏,일반역,,,35.16148357,129.14789736,부산교통공사,부산광역시 해운대구 해운대로 지하 522,051-678-6204,2018-01-30,B551542,부산교통공사,
0205,시립미술관역,S2602,부산도시철도 2호선,Busan Museum of Art,市立美術館,일반역,,,35.16884444,129.13893342,부산교통공사,부산광역시 해운대구 해운대로 지하 396,051-678-6205,2018-01-30,B551542,부산교통공사,
0206,센텀시티역,S2602,부산도시철도 2호선,Centum City,Centum City,일반역,,,35.16882690,129.13174510,부산교통공사,부산광역시 해운대구 센텀남대로 지하 76,051-678-6206,2018-01-30,B551542,부산교통공사,
0207,민락역,S2602,부산도시철도 2호선,Millak,民樂,일반역,,,35.16722848,129.12190944,부산교통공사,부산광역시 수영구 수영로 지하 769,051-678-6207,2018-01-30,B551542,부산교통공사,
0208,수영역,S2602,부산도시철도 2호선,Suyeong,水營,환승역,S2602+S2603,부산도시철도 2호선+부산도시철도 3호선,35.16522658,129.11471307,부산교통공사,부산광역시 수영구 수영로 지하 677,051-678-6208,2018-01-30,B551542,부산교통공사,
0209,광안역,S2602,부산도시철도 2호선,Gwangan,廣安,일반역,,,35.15791582,129.11316812,부산교통공사,부산광역시 수영구 수영로 지하 576,051-678-6209,2018-01-30,B551542,부산교통공사,
0210,금련산역,S2602,부산도시철도 2호선,Geumnyeonsan,金蓮山,일반역,,,35.14977102,129.11096066,부산교통공사,부산광역시 수영구 수영로 지하 482,051-678-6210,2018-01-30,B551542,부산교통공사,
0211,남천역,S2602,부산도시철도 2호선,Namcheon,南川,일반역,,,35.14213865,129.10797805,부산교통공사,부산광역시 수영구 수영로 지하 410,051-678-6211,2018-01-30,B551542,부산교통공사,
0212,경성대부경대역,S2602,부산도시철도 2호선,Kyungsung Univ?Pukyong Nat''l Univ.,慶星大釜慶大,일반역,,,35.13758520,129.10054833,부산교통공사,부산광역시 남구 수영로 지하 324,051-678-6212,2018-01-30,B551542,부산교통공사,
0213,대연역,S2602,부산도시철도 2호선,Daeyeon,大淵,일반역,,,35.13515264,129.09216106,부산교통공사,부산광역시 남구 수영로 지하 242,051-678-6213,2018-01-30,B551542,부산교통공사,
0214,못골역,S2602,부산도시철도 2호선,Motgol,池谷,일반역,,,35.13473149,129.08441484,부산교통공사,부산광역시 남구 수영로 지하 170,051-678-6214,2018-01-30,B551542,부산교통공사,
0215,지게골역,S2602,부산도시철도 2호선,Jigegol,支架谷,일반역,,,35.13557379,129.07436460,부산교통공사,부산광역시 남구 수영로 지하 70,051-678-6215,2018-01-30,B551542,부산교통공사,
0216,문현역,S2602,부산도시철도 2호선,Munhyeon,門峴,일반역,,,35.13915130,129.06739891,부산교통공사,부산광역시 남구 전포대로 지하 17,051-678-6216,2018-01-30,B551542,부산교통공사,
0217,국제금융센터부산은행역,S2602,부산도시철도 2호선,Busan Int''l Finance Center Busan Bank,釜山國際金融中心·釜山銀行,일반역,,,35.14581675,129.06675518,부산교통공사,부산광역시 남구 전포대로 지하 97,051-678-6217,2018-01-30,B551542,부산교통공사,
0218,전포역,S2602,부산도시철도 2호선,Jeonpo,田浦,일반역,,,35.15310228,129.06537384,부산교통공사,부산광역시 부산진구 전포대로 지하 181,051-678-6218,2018-01-30,B551542,부산교통공사,
0219,서면역(2호선),S2602,부산도시철도 2호선,Seomyeon,西面,환승역,S2602+S2601,부산도시철도 2호선+부산도시철도 1호선,35.15774038,129.05908406,부산교통공사,부산광역시 부산진구 중앙대로 지하 730,051-678-6219,2018-01-30,B551542,부산교통공사,
0220,부암역,S2602,부산도시철도 2호선,Buam,釜岩,일반역,,,35.15744434,129.05018449,부산교통공사,부산광역시 부산진구 가야대로 지하 719,051-678-6220,2018-01-30,B551542,부산교통공사,
0221,가야역,S2602,부산도시철도 2호선,Gaya,伽倻,일반역,,,35.15588298,129.04281646,부산교통공사,부산광역시 부산진구 가야대로 지하 650,051-678-6221,2018-01-30,B551542,부산교통공사,
0222,동의대역,S2602,부산도시철도 2호선,Dongeui Univ.,東義大,일반역,,,35.15398606,129.03275013,부산교통공사,부산광역시 부산진구 가야대로 지하 554,051-678-6222,2018-01-30,B551542,부산교통공사,
0223,개금역,S2602,부산도시철도 2호선,Gaegeum,開琴,일반역,,,35.15328430,129.02053267,부산교통공사,부산광역시 부산진구 가야대로 지하 442,051-678-6223,2018-01-30,B551542,부산교통공사,
0224,냉정역,S2602,부산도시철도 2호선,Naengjeong,冷井,일반역,,,35.15125355,129.01225537,부산교통공사,부산광역시 사상구 가야대로 지하 362-1,051-678-6224,2018-01-30,B551542,부산교통공사,
0225,주례역,S2602,부산도시철도 2호선,Jurye,周禮,일반역,,,35.15050790,129.00307685,부산교통공사,부산광역시 사상구 가야대로 지하 292,051-678-6225,2018-01-30,B551542,부산교통공사,
0226,감전역,S2602,부산도시철도 2호선,Gamjeon,甘田,일반역,,,35.15552772,128.99114639,부산교통공사,부산광역시 사상구 사상로 지하 93-1,051-678-6226,2018-01-30,B551542,부산교통공사,
0227,사상역,S2602,부산도시철도 2호선,Sasang,沙上,환승역,S2602+L4801,부산도시철도 2호선+김해경전철,35.16236068,128.98462057,부산교통공사,부산광역시 사상구 사상로 지하 203,051-678-6227,2018-01-30,B551542,부산교통공사,
0228,덕포역,S2602,부산도시철도 2호선,Deokpo,德浦,일반역,,,35.17375351,128.98395538,부산교통공사,부산광역시 사상구 사상로 지하 320-1,051-678-6228,2018-01-30,B551542,부산교통공사,
0229,모덕역,S2602,부산도시철도 2호선,Modeok,毛德,일반역,,,35.18036570,128.98562104,부산교통공사,부산광역시 사상구 사상로 지하 409,051-678-6229,2018-01-30,B551542,부산교통공사,
0230,모라역,S2602,부산도시철도 2호선,Mora,毛羅,일반역,,,35.18966264,128.98865461,부산교통공사,부산광역시 사상구 사상로 지하 498,051-678-6230,2018-01-30,B551542,부산교통공사,
0231,구남역,S2602,부산도시철도 2호선,Gunam,龜南,일반역,,,35.19680397,128.99492830,부산교통공사,부산광역시 북구 백양대로 지하 1026,051-678-6231,2018-01-30,B551542,부산교통공사,
0232,구명역,S2602,부산도시철도 2호선,Gumyeong,龜明,일반역,,,35.20252009,128.99932176,부산교통공사,부산광역시 북구 백양대로 지하 1094,051-678-6232,2018-01-30,B551542,부산교통공사,
0233,덕천역(2호선),S2602,부산도시철도 2호선,Deokcheon,德川,환승역,S2602+S2603,부산도시철도 2호선+부산도시철도 3호선,35.21021911,129.00567323,부산교통공사,부산광역시 북구 금곡대로 지하 14,051-678-6233,2018-01-30,B551542,부산교통공사,
0234,수정역,S2602,부산도시철도 2호선,Sujeong,水亭,일반역,,,35.22335596,129.00919765,부산교통공사,부산광역시 북구 금곡대로 지하 160,051-678-6234,2018-01-30,B551542,부산교통공사,
0235,화명역,S2602,부산도시철도 2호선,Hwamyeong,華明,일반역,,,35.23627817,129.01391834,부산교통공사,부산광역시 북구 금곡대로 지하 311,051-678-6235,2018-01-30,B551542,부산교통공사,
0236,율리역,S2602,부산도시철도 2호선,Yulli,栗里,일반역,,,35.24671435,129.01291788,부산교통공사,부산광역시 북구 금곡대로 지하 440,051-678-6236,2018-01-30,B551542,부산교통공사,
0237,동원역,S2602,부산도시철도 2호선,Dongwon,東院,일반역,,,35.25865603,129.01239216,부산교통공사,부산광역시 북구 금곡대로 575,051-678-6237,2018-01-30,B551542,부산교통공사,
0238,금곡역,S2602,부산도시철도 2호선,Geumgok,金谷,일반역,,,35.26724761,129.01667029,부산교통공사,부산광역시 북구 금곡대로 685,051-678-6238,2018-01-30,B551542,부산교통공사,
0239,호포역,S4802,부산도시철도 2호선,Hopo,湖浦,일반역,,,35.28040587,129.01709676,부산교통공사,경상남도 양산시 동면 양산대로 62,051-678-6239,2018-01-30,B551542,부산교통공사,
0240,증산역,S4802,부산도시철도 2호선,Jeungsan,甑山,일반역,,,35.30830212,129.01024612,부산교통공사,경상남도 양산시 물금읍 메기로 168,051-678-6240,2018-01-30,B551542,부산교통공사,
0241,부산대양산캠퍼스역,S4802,부산도시철도 2호선,Pusan Nat''l Univ. Yangsan Campus,釜山大梁山Campus,일반역,,,35.31695487,129.01389956,부산교통공사,경상남도 양산시 물금읍 메기로 270,051-678-6241,2018-01-30,B551542,부산교통공사,
0242,남양산역,S4802,부산도시철도 2호선,Namyangsan,南梁山,일반역,,,35.32535863,129.01945710,부산교통공사,경상남도 양산시 동면 메기로 380,051-678-6242,2018-01-30,B551542,부산교통공사,
0243,양산역,S4802,부산도시철도 2호선,Yangsan,梁山,일반역,,,35.33864967,129.02639061,부산교통공사,경상남도 양산시 강변로 441,051-678-6243,2018-01-30,B551542,부산교통공사,
0301,수영역(3호선),S2603,부산도시철도 3호선,Suyeong,水營,환승역,S2603+S2602,부산도시철도 3호선+부산도시철도 2호선,35.16775252,129.11458969,부산교통공사,부산광역시 수영구 수영로 지하 677,051-678-6301,2018-01-30,B551542,부산교통공사,
0302,망미역,S2603,부산도시철도 3호선,Mangmi,望美,일반역,,,35.17152813,129.10822481,부산교통공사,부산광역시 수영구 연수로 지하 337,051-678-6302,2018-01-30,B551542,부산교통공사,
0303,배산역,S2603,부산도시철도 3호선,Baesan,盃山,일반역,,,35.17350357,129.09549773,부산교통공사,부산광역시 연제구 연수로 지하 229,051-678-6303,2018-01-30,B551542,부산교통공사,
0304,물만골역,S2603,부산도시철도 3호선,Mulmangol,水滿谷,일반역,,,35.17680755,129.08574790,부산교통공사,부산광역시 연제구 월드컵대로 지하 23,051-678-6304,2018-01-30,B551542,부산교통공사,
0305,연산역(3호선),S2603,부산도시철도 3호선,Yeonsan,蓮山,환승역,S2603+S2601,부산도시철도 3호선+부산도시철도 1호선,35.18617285,129.08152610,부산교통공사,부산광역시 연제구 중앙대로 지하 1101,051-678-6305,2018-01-30,B551542,부산교통공사,
0306,거제역,S2603,부산도시철도 3호선,Geoje,巨堤,일반역,,,35.18858854,129.07394081,부산교통공사,부산광역시 연제구 월드컵대로 지하 209,051-678-6306,2018-01-30,B551542,부산교통공사,
0307,종합운동장역,S2603,부산도시철도 3호선,Sports Complex,綜合運動場,일반역,,,35.19124966,129.06750351,부산교통공사,부산광역시 연제구 아시아드대로 지하 73,051-678-6307,2018-01-30,B551542,부산교통공사,
0308,사직역,S2603,부산도시철도 3호선,Sajik,社稷,일반역,,,35.19899797,129.06499565,부산교통공사,부산광역시 동래구 아시아드대로 지하 153,051-678-6308,2018-01-30,B551542,부산교통공사,
0309,미남역(3호선),S2603,부산도시철도 3호선,Minam,美南,환승역,S2603+S2604,부산도시철도 3호선+부산도시철도 4호선,35.20550292,129.06806141,부산교통공사,부산광역시 동래구 아시아드대로 지하 232,051-678-6309,2018-01-30,B551542,부산교통공사,
0310,만덕역,S2603,부산도시철도 3호선,Mandeok,萬德,일반역,,,35.21300005,129.03652668,부산교통공사,부산광역시 북구 만덕대로 지하 291,051-678-6310,2018-01-30,B551542,부산교통공사,
0311,남산정역,S2603,부산도시철도 3호선,Namsanjeong,南山亭,일반역,,,35.21333972,129.02392834,부산교통공사,부산광역시 북구 만덕대로 지하 179,051-678-6311,2018-01-30,B551542,부산교통공사,
0312,숙등역,S2603,부산도시철도 3호선,Sukdeung,淑嶝,일반역,,,35.21197008,129.01274890,부산교통공사,부산광역시 북구 만덕대로 지하 79,051-678-6312,2018-01-30,B551542,부산교통공사,
0313,덕천역(3호선),S2603,부산도시철도 3호선,Deokcheon,德川,환승역,S2603+S2602,부산도시철도 3호선+부산도시철도 2호선,35.21021473,129.00567055,부산교통공사,부산광역시 북구 금곡대로 지하 14,051-678-6313,2018-01-30,B551542,부산교통공사,
0314,구포역,S2603,부산도시철도 3호선,Gupo,龜浦,일반역,,,35.20669733,128.99636596,부산교통공사,부산광역시 북구 낙동대로 1697,051-678-6314,2018-01-30,B551542,부산교통공사,
0315,강서구청역,S2603,부산도시철도 3호선,Gangseo-gu Office,江西區廳,일반역,,,35.21124691,128.98175597,부산교통공사,부산광역시 강서구 낙동북로 485,051-678-6315,2018-01-30,B551542,부산교통공사,
0316,체육공원역,S2603,부산도시철도 3호선,Sports Park,體育公園,일반역,,,35.21257711,128.96896988,부산교통공사,부산광역시 강서구 낙동북로 371,051-678-6316,2018-01-30,B551542,부산교통공사,
0317,대저역,S2603,부산도시철도 3호선,Daejeo,大渚,일반역,,,35.21338574,128.95996034,부산교통공사,부산광역시 강서구 낙동북로 295,051-678-6317,2018-01-30,B551542,부산교통공사,
0401,미남역(4호선),S2604,부산도시철도 4호선,Minam,美南,환승역,S2604+S2603,부산도시철도 4호선+부산도시철도 3호선,35.20711592,129.06917185,부산교통공사,부산광역시 동래구 아시아드대로 지하 232,051-678-6401,2018-01-30,B551542,부산교통공사,
0402,동래역(4호선),S2604,부산도시철도 4호선,Dongnae,東萊,환승역,S2604+S2601,부산도시철도 4호선+부산도시철도 1호선,35.20483447,129.07708168,부산교통공사,부산광역시 동래구 충렬대로 지하 147,051-678-6402,2018-01-30,B551542,부산교통공사,
0403,수안역,S2604,부산도시철도 4호선,Suan,壽安,일반역,,,35.20182751,129.08380598,부산교통공사,부산광역시 동래구 충렬대로 지하 223,051-678-6403,2018-01-30,B551542,부산교통공사,
0404,낙민역,S2604,부산도시철도 4호선,Nangmin,樂民,일반역,,,35.20025385,129.09077436,부산교통공사,부산광역시 동래구 충렬대로 지하 285,051-678-6404,2018-01-30,B551542,부산교통공사,
0405,충렬사역,S2604,부산도시철도 4호선,Chungnyeolsa,忠烈祠,일반역,,,35.19985934,129.09763545,부산교통공사,부산광역시 동래구 반송로 지하 205,051-678-6405,2018-01-30,B551542,부산교통공사,
0406,명장역,S2604,부산도시철도 4호선,Myeongjang,鳴藏,일반역,,,35.20514349,129.10151660,부산교통공사,부산광역시 동래구 반송로 지하 281,051-678-6406,2018-01-30,B551542,부산교통공사,
0407,서동역,S2604,부산도시철도 4호선,Seo-dong,書洞,일반역,,,35.21333314,129.10768300,부산교통공사,부산광역시 금정구 반송로 지하 387,051-678-6407,2018-01-30,B551542,부산교통공사,
0408,금사역,S2604,부산도시철도 4호선,Geumsa,錦絲,일반역,,,35.21582910,129.11515296,부산교통공사,부산광역시 금정구 반송로 지하 465,051-678-6408,2018-01-30,B551542,부산교통공사,
0409,반여농산물시장역,S2604,부산도시철도 4호선,Banyeo Agricultural Market,盤如農産物市場,일반역,,,35.21777936,129.12406057,부산교통공사,부산광역시 해운대구 반송로 550,051-678-6409,2018-01-30,B551542,부산교통공사,
0410,석대역,S2604,부산도시철도 4호선,Seokdae,石坮,일반역,,,35.21821980,129.13717926,부산교통공사,부산광역시 해운대구 석대천로 121,051-678-6410,2018-01-30,B551542,부산교통공사,
0411,영산대역,S2604,부산도시철도 4호선,Youngsan Univ.,靈山大,일반역,,,35.22577711,129.14614856,부산교통공사,부산광역시 해운대구 반송로 803,051-678-6411,2018-01-30,B551542,부산교통공사,
0412,동부산대학역,S2604,부산도시철도 4호선,Dong-Pusan College,東釜山大學,일반역,,,35.23250557,129.15402353,부산교통공사,부산광역시 해운대구 반송로 917,051-678-6412,2018-01-30,B551542,부산교통공사,
0413,고촌역,S2604,부산도시철도 4호선,Gochon,古村,일반역,,,35.23603061,129.16049033,부산교통공사,부산광역시 기장군 철마면 반송로 991,051-678-6413,2018-01-30,B551542,부산교통공사,
0414,안평역,S2604,부산도시철도 4호선,Anpyeong,安平,일반역,,,35.23736260,129.17182267,부산교통공사,부산광역시 기장군 철마면 반송로 1101,051-678-6414,2018-01-30,B551542,부산교통공사,
